{"train_loss": [1.5124028378725052, 1.1359819811582565, 1.0591138052940368, 1.076964690387249, 1.0470894676446916, 1.0359208691120148, 1.0636333215236664, 0.9917709881067276, 0.8952442175149917, 0.9101800435781479, 0.8465895175933837, 0.79706498503685, 0.8446203163266182, 0.869919843673706, 0.880670980811119, 0.8856297832727432, 0.8276713985204697, 0.8320281037688255, 0.8720597904920578, 0.802577029466629, 0.9318354818224907, 0.9414117720723152, 0.8099785655736923, 0.8256566405296326, 1.1217620241642, 1.0856700524687768, 1.0744363552331924, 1.0588044536113739, 1.056192195415497, 1.0411441919207574, 1.0372825142741204, 1.054946746826172, 1.0066579553484916, 0.9809696331620217, 1.0334071457386016, 1.007244126200676, 1.0130995550751687, 0.9762213358283043, 1.0157037594914435, 0.9699821656942368, 0.9068047416210174, 0.9172346943616867, 0.9194427618384361, 0.9163026687502861, 0.9554414784908295, 0.9682928061485291, 0.9188918527960778, 0.9277122968435287, 0.9068830159306526, 0.9559230217337609], "test_loss": [1.0603824862837792, 1.1114126154780388, 1.0825203648209571, 1.062200014591217, 1.0590257838368415, 0.9858792313933372, 1.0655626118183137, 0.8703384479880333, 0.8818886703252793, 0.927050706744194, 0.7944850254058838, 0.8029049611091614, 0.8304688680171967, 0.9604423666000366, 0.8560419371724128, 0.8747759315371514, 0.8022234132885933, 0.8351677709817886, 0.8313425943255425, 0.8086801895499229, 1.2181136727333068, 0.8132344493269921, 0.8267290756106377, 0.796430841088295, 1.1260009536147118, 1.1099981242418289, 1.0162775003910065, 1.0670010763406754, 1.0290066346526145, 1.0985642644762992, 1.0889020103216172, 1.0633902850747108, 1.011855222582817, 0.9993475618958473, 1.0207583808898926, 0.9620056414604187, 0.9327182850241661, 0.9303401470184326, 0.9108972746133804, 0.9266925725340843, 1.0899391612410545, 0.9194693624973297, 0.9745231848955155, 0.9101492780447006, 0.9656184366345406, 0.9190015217661858, 0.9155077117681504, 0.8605366536974907, 0.9587144950032234, 0.886736172735691], "test_acc": [0.5222941176470591, 0.5242058823529412, 0.5340000000000006, 0.5312058823529414, 0.5565000000000002, 0.5250882352941177, 0.5009999999999999, 0.5161764705882353, 0.5541470588235299, 0.5707058823529418, 0.5194705882352944, 0.5450882352941178, 0.5611470588235299, 0.5746176470588241, 0.5569117647058826, 0.5882941176470594, 0.5403235294117653, 0.5266764705882353, 0.5435, 0.5425294117647059, 0.5107058823529411, 0.5598235294117653, 0.544823529411765, 0.5434411764705889, 0.5492647058823532, 0.5380882352941184, 0.5445000000000002, 0.5408235294117649, 0.5241764705882354, 0.5536470588235298, 0.5129411764705888, 0.5255588235294121, 0.5330000000000006, 0.5571764705882356, 0.5302941176470588, 0.5278529411764712, 0.5287058823529417, 0.532617647058824, 0.5258823529411765, 0.5450294117647061, 0.5143235294117648, 0.5212647058823532, 0.511088235294118, 0.5216470588235298, 0.505205882352941, 0.5403529411764714, 0.5411470588235298, 0.553882352941177, 0.5285294117647062, 0.536588235294118]}