{"train_loss": [0.35132247586460674, 0.3301356051774586, 0.3312062430031159, 0.3300126972443917, 0.32910356030744664, 0.33029902779004155, 0.32909793213886374, 0.32947361977661355, 0.32942097879507964, 0.3300007750882822, 0.3292089655995369, 0.3288232709555065, 0.32881647804204156, 0.32910781748154583, 0.3293924739255625, 0.3292482250753571, 0.32882533888606463, 0.3284354739329394, 0.32838104656514, 0.32876664987381765, 0.32841564653550875, 0.328126775692491, 0.32822343409061433, 0.3280891779591055, 0.328420092253124, 0.32750292113598656, 0.3274769630502252, 0.3276552127564655, 0.3274361433351741, 0.32741968184709547, 0.32741792666561464, 0.32770871423623144, 0.32731864978285397, 0.3276536285877228, 0.32727596593253755, 0.3275236271760043, 0.32734364911037334, 0.3274156341657919, 0.32720846840563944, 0.32723351103418014, 0.3277473433929331, 0.3271274346639128, 0.32720627179917167, 0.3273600935935974, 0.32759899917770835, 0.3273358916535097, 0.3272961478022968, 0.32749987542629244, 0.3272428452092059, 0.3274142134715529, 0.32666884388993767, 0.3268525745938806, 0.3268004907404675, 0.3267152398824692, 0.32681082811425716, 0.32696039404939203, 0.32668298745856567, 0.32673617697813934, 0.3269698952927309, 0.32694275913869636, 0.326686571012525, 0.3267614936127382, 0.32681124026284497, 0.3267049316097708, 0.32685461526407916, 0.3267637550830841, 0.3268126242301043, 0.3267244214520735, 0.32676165086381576, 0.32682056725025177], "test_loss": [0.3274695636594997, 0.3358186451827779, 0.32833164115162455, 0.32743822038173676, 0.3295524520032546, 0.32822908592574734, 0.3282972613678259, 0.3277204849264201, 0.32786892748930874, 0.32735437417731567, 0.3289491212543319, 0.3278727517408483, 0.3291970384471557, 0.3276297183597789, 0.3272285662153188, 0.3282066679176162, 0.32800186153720406, 0.32801607601782856, 0.3288812280577772, 0.3269161491709597, 0.331364050858161, 0.32772181025322744, 0.3270453545977088, 0.3295955743859796, 0.3304449978996726, 0.32711762251222837, 0.32738637012593885, 0.32706420482958065, 0.3268009489950012, 0.32691721486694675, 0.3276316845241715, 0.327474680455292, 0.3290864630657084, 0.32666750252246857, 0.32685868678724067, 0.32715065225082285, 0.3269607713993858, 0.32736554014332153, 0.32678997542928245, 0.32682333965511884, 0.32696448485640917, 0.3269395740593181, 0.3266059483675396, 0.32679373630706, 0.3268111858297797, 0.3266513028565575, 0.3266104088986621, 0.3280168551732512, 0.32681535657714395, 0.32656095001627417, 0.32738769177128285, 0.3266637838938657, 0.3273244460715967, 0.3270059577682439, 0.3266436540905167, 0.3266628680860295, 0.32648441151661034, 0.3263567923622973, 0.32659901722389106, 0.32669992683564913, 0.32670240603825623, 0.32637191151871403, 0.3263296978438602, 0.326573480490376, 0.3267338914029739, 0.32663633104632883, 0.326397232010084, 0.3262752610094407, 0.32635171141694574, 0.326479069713284], "test_acc": [0.8568529411764707, 0.8528235294117641, 0.8563235294117646, 0.8570588235294119, 0.8569705882352938, 0.8580294117647059, 0.8574705882352942, 0.8566176470588235, 0.8569705882352939, 0.8572058823529409, 0.8570294117647057, 0.8578823529411769, 0.8564705882352948, 0.8568529411764707, 0.8573823529411763, 0.8567352941176472, 0.8569705882352943, 0.8575588235294114, 0.8576470588235297, 0.8571176470588234, 0.8568823529411768, 0.8564999999999999, 0.856941176470588, 0.8562352941176469, 0.8582941176470588, 0.8569999999999997, 0.8566764705882354, 0.8572058823529413, 0.8577647058823522, 0.8578529411764702, 0.8573235294117646, 0.8574999999999994, 0.8582647058823528, 0.8575, 0.8572647058823527, 0.858117647058823, 0.8572941176470585, 0.8571176470588239, 0.8580294117647055, 0.8578823529411767, 0.8582352941176469, 0.8576470588235293, 0.8575294117647055, 0.8574411764705882, 0.8576470588235291, 0.8584705882352941, 0.8578823529411767, 0.8568823529411764, 0.8580000000000004, 0.8577941176470587, 0.8584411764705877, 0.857558823529411, 0.8580882352941179, 0.8581470588235294, 0.8580294117647059, 0.8583235294117648, 0.8576764705882354, 0.8580294117647056, 0.8578529411764706, 0.8581764705882352, 0.8583823529411765, 0.8581764705882355, 0.857705882352941, 0.8570588235294119, 0.8575294117647059, 0.8579411764705879, 0.8582352941176471, 0.8583529411764709, 0.8579705882352939, 0.858205882352941]}