{"train_loss": [1.2559909692832403, 1.0800255920205797, 0.8731919356754848, 0.7786368812833514, 0.7026052219527108, 0.6872059404850006, 0.6038049225296293, 0.5535078240292413, 0.498810459460531, 0.474083600299699, 0.48483236346926006, 0.45290648298604147, 0.4231662984405245, 0.40888272864477976, 0.3745389836175101, 0.3664965608290264, 0.3674947129828589, 0.3983745276927948, 0.34740040983472553, 0.3682698458433151, 0.3486192205122539, 0.3175925761461258, 0.30384013269628796, 0.2989248590809958, 0.3064996280840465, 0.29407403085912975, 0.3082193945135389, 0.2757883391210011, 0.2770708841936929, 0.2682787701487541, 0.27814333353723797, 0.2724301793745586, 0.2619372106024197, 0.26084290125540327, 0.25781404972076416, 0.2474002710410527, 0.24358307676655905, 0.2948636880942753, 0.25063484268529074, 0.2459600961634091, 0.243322776896613, 0.23681936306612833, 0.28669951749699457, 0.22232802850859507, 0.215959475508758, 0.2107304877468518, 0.20996885427406856, 0.21682381417070115, 0.2232343629002571, 0.2085141379918371], "test_loss": [1.200573205947876, 0.964495484318052, 0.7853839227131435, 0.7589266811098371, 0.6753451717751366, 0.6314891874790192, 0.5770726118768964, 0.5088732647044318, 0.48315274715423584, 0.6547232270240784, 0.5218624195882252, 0.446688283767019, 0.4304258014474596, 0.37218962822641644, 0.35448573742594036, 0.34763037094048094, 0.38198129406997133, 0.33744012457983835, 0.341631755232811, 0.3253270408936909, 0.3180082216858864, 0.3066660410591534, 0.30296163260936737, 0.30124464843954357, 0.292405475463186, 0.34564046774591717, 0.2758547621113913, 0.3178884780832699, 0.2668738269380161, 0.2641230363930975, 0.27474863082170486, 0.27152949571609497, 0.3294961622783116, 0.2794867977499962, 0.26948627297367367, 0.23454337886401586, 0.2409303624715124, 0.23343593627214432, 0.25068384941135136, 0.24738731661013194, 0.25246737578085493, 0.2750421368650028, 0.22362500429153442, 0.21699257514306478, 0.21101007078375136, 0.21512606207813537, 0.23810590484312602, 0.20729977743966238, 0.2131736023085458, 0.20223761456353323], "test_acc": [0.4149071428571429, 0.5194309523809523, 0.7787119047619049, 0.7334273809523811, 0.7206619047619048, 0.6880523809523809, 0.6873125, 0.7958202380952379, 0.7904172619047618, 0.5161529761904762, 0.6435886904761904, 0.724970238095238, 0.683020238095238, 0.8442773809523809, 0.8076523809523809, 0.8190970238095238, 0.8802363095238095, 0.831860119047619, 0.7738357142857142, 0.8184613095238095, 0.7958571428571428, 0.8184583333333334, 0.8877892857142857, 0.8608738095238095, 0.825020238095238, 0.9103178571428572, 0.8749142857142856, 0.7975488095238097, 0.8542190476190477, 0.8630011904761906, 0.8692940476190475, 0.8227333333333334, 0.8043416666666666, 0.8699220238095239, 0.9120958333333332, 0.8819315476190478, 0.8189428571428572, 0.8483660714285713, 0.8088482142857142, 0.8311375, 0.7961047619047618, 0.917920238095238, 0.8816196428571429, 0.8645809523809523, 0.8855619047619047, 0.8302386904761905, 0.8397583333333333, 0.844780357142857, 0.8199333333333333, 0.8664761904761905]}