{"train_loss": [1.2514691551526387, 1.0140558591595403, 0.8129920407577798, 0.7376258064199377, 0.6802692744466994, 0.5618206615801211, 0.5005217536732003, 0.4684813000537731, 0.42495438015019454, 0.38716830533963664, 0.3628769561096474, 0.34994969986103197, 0.34069209076740126, 0.32578915467968694, 0.2953745237103215, 0.29149536898842565, 0.29031679144612066, 0.280631219347318, 0.2896504920941812, 0.26301130928375105, 0.3015399702169277, 0.24160068620134284, 0.2338159856972871, 0.24565892087088692, 0.21457239102434228, 0.20096699176011262, 0.20056781779836724, 0.1961596933779893, 0.18191026868643584, 0.18230460639353152, 0.16455950450014184, 0.16182222879595226, 0.16395484104200644, 0.16130240427123177, 0.1531196239369887, 0.14835706270403332, 0.14416285576643767, 0.13955193123331777, 0.13402134676774344, 0.13785445110665429, 0.14720559120178223, 0.1348991432675609, 0.13222167364977025, 0.13238758152281796, 0.12756183660692638, 0.1143176884010986, 0.10999468851972509, 0.11123946171115946, 0.10668920891152488, 0.11413359614434065, 0.13799235776618676, 0.11542951398425633, 0.19809571515630792, 0.10889566275808546, 0.10739852984746297, 0.10022911926110585, 0.09204079183163466, 0.08995574298832151, 0.0930611041408998, 0.08448832150962618, 0.08734830813827338, 0.08904610974369226, 0.082169350374628, 0.08086588330290935, 0.07947737502831, 0.07827272045391577, 0.08348129717288194, 0.0895498913747293, 0.07660012250697171, 0.07354514038673153], "test_loss": [1.1324626957928692, 0.9081278752397608, 0.7394071486261156, 0.7125352974291201, 0.5876317763770068, 0.5147044923570421, 0.46860649519496494, 0.44678993578310366, 0.4071987028475161, 0.3658564101766657, 0.3558547540947243, 0.3429459443798772, 0.3143850680854585, 0.3048642857207192, 0.2865981393390232, 0.3011045566311589, 0.28697217007478076, 0.3165520644850201, 0.25091487886729064, 0.3709986353362048, 0.2694470308445118, 0.22521382570266724, 0.22620685950473504, 0.2258683376842075, 0.2152092252616529, 0.22140220911414535, 0.1917556474606196, 0.17415741196385137, 0.16970557829848043, 0.1672945240581477, 0.1648216578695509, 0.16824649439917672, 0.16133751499432106, 0.1484425804681248, 0.1522830010012344, 0.14303680619707815, 0.14377295198263945, 0.12901726999768504, 0.1334422735704316, 0.13998119257114552, 0.1344642804728614, 0.14122082596575772, 0.12511533774711467, 0.13237876969355125, 0.11355524427360958, 0.11707484391000536, 0.1103410558016212, 0.10381649572540212, 0.10037063862438556, 0.19281476736068726, 0.10424541875168129, 0.3413096677373957, 0.10525312495452387, 0.10158338121793888, 0.12054513422427354, 0.09201881896566462, 0.08648398822104489, 0.08889199544986089, 0.08371686176569373, 0.08316837885865459, 0.10546025661406694, 0.0865832774175538, 0.09492588291565578, 0.07597936041377208, 0.07778516356591825, 0.07701889011594984, 0.10846232429698661, 0.07611777426468001, 0.07243149755177675, 0.07478354912665156], "test_acc": [0.4263430746343631, 0.5056385247010182, 0.6688560385633416, 0.5889403891110725, 0.7321684441353193, 0.7798291891265285, 0.7826372070557779, 0.7063933402886454, 0.8088125388821268, 0.8407433489827858, 0.84292253907533, 0.8935686605228077, 0.813317882880272, 0.88774372766089, 0.8556163160030142, 0.7840110898587684, 0.9030892018779342, 0.7418102146486601, 0.8842841631407098, 0.8937959987635001, 0.7885563360961378, 0.8829669429471203, 0.8983566703375258, 0.821204671651307, 0.8293801580401476, 0.9191397921134488, 0.9023037114318283, 0.8926795803628355, 0.8685294866593248, 0.8859537317181554, 0.9089192507583223, 0.8670573214320215, 0.9174303618694333, 0.8930069958847733, 0.8719057748410906, 0.9013000850093702, 0.917306650051199, 0.8840942811878129, 0.8740016518866286, 0.8959895844201009, 0.9170293688054252, 0.850417537046697, 0.8682288761374833, 0.9243396781236116, 0.9157462064568479, 0.9262313916420333, 0.9192673216252246, 0.8878337236036246, 0.8969712571726658, 0.788257365868738, 0.8908244073494465, 0.9390806468440273, 0.886888973898259, 0.9265278792094129, 0.9379984775594581, 0.8942617496474042, 0.9063890106068508, 0.9176747290326319, 0.9071324619872873, 0.901778892559748, 0.9433457466334357, 0.9270610212716627, 0.9150761046388068, 0.9082021445545704, 0.9227618230645876, 0.9270079850847195, 0.944311000985336, 0.9023937073745627, 0.91404258003439, 0.9284167680983018]}